{
  "giai_tri": {
    "presence_acc": 0.8787878787878788,
    "presence_f1_micro": 0.8787878787878788,
    "presence_f1_macro": 0.7399805447470817,
    "sentiment_acc": 0.6,
    "sentiment_mae": 0.7272727272727273,
    "n_pos_train": 429,
    "n_pos_val": 55
  },
  "luu_tru": {
    "presence_acc": 0.9292929292929293,
    "presence_f1_micro": 0.9292929292929293,
    "presence_f1_macro": 0.8820202402345598,
    "sentiment_acc": 0.4482758620689655,
    "sentiment_mae": 0.6724137931034483,
    "n_pos_train": 587,
    "n_pos_val": 58
  },
  "nha_hang": {
    "presence_acc": 0.9225589225589226,
    "presence_f1_micro": 0.9225589225589226,
    "presence_f1_macro": 0.5197891036906854,
    "sentiment_acc": 0.7368421052631579,
    "sentiment_mae": 0.5263157894736842,
    "n_pos_train": 205,
    "n_pos_val": 19
  },
  "an_uong": {
    "presence_acc": 0.8821548821548821,
    "presence_f1_micro": 0.8821548821548821,
    "presence_f1_macro": 0.8708133971291866,
    "sentiment_acc": 0.6216216216216216,
    "sentiment_mae": 0.5855855855855856,
    "n_pos_train": 1066,
    "n_pos_val": 111
  },
  "van_chuyen": {
    "presence_acc": 0.9393939393939394,
    "presence_f1_micro": 0.9393939393939394,
    "presence_f1_macro": 0.9113726790450929,
    "sentiment_acc": 0.5652173913043478,
    "sentiment_mae": 0.6521739130434783,
    "n_pos_train": 522,
    "n_pos_val": 69
  },
  "mua_sam": {
    "presence_acc": 0.9461279461279462,
    "presence_f1_micro": 0.9461279461279462,
    "presence_f1_macro": 0.8252941176470588,
    "sentiment_acc": 0.4074074074074074,
    "sentiment_mae": 0.7777777777777778,
    "n_pos_train": 251,
    "n_pos_val": 27
  }
}